{
  "manifest-bundle.zip": 1659427303976,
  "controller/View1.controller.js": 1658160655958,
  "model/models.js": 1658160655958,
  "manifest.json": 1659427304131,
  "Component.js": 1658160655958,
  "i18n/i18n.properties": 1658160655958,
  "Component-preload.js": 1659427304109,
  "model/models-dbg.js": 1658160655958,
  "controller/View1-dbg.controller.js": 1658160655958,
  "Component-dbg.js": 1658160655958,
  "resources.json": 1659427304133,
  "view/View1.view.xml": 1658160655962,
  "css/style.css": 1658160655958,
  "index.html": 1658160655958
}